<?xml version="1.0" encoding="utf-8" ?>
		<hibernate-mapping xmlns="urn:nhibernate-mapping-2.2"
		                   assembly="BookReViewGenNHibernate"
		                   namespace="BookReViewGenNHibernate.EN.BookReview">
		    
		    
			
				<class name="ComentarioEN" table="Comentario"> 
				  	
						<id name="Comentario" column="comentarioComentario" type="integer"> 
							<generator class="hilo"/>
						</id>
			
					
					<property name="Titulo" type="string"> 
						<column name="titulo"  not-null="true"/>
					</property>
					<property name="Fecha" type="timestamp"> 
						<column name="fecha"  not-null="true"/>
					</property>
					<property name="Contenido" type="string"> 
						<column name="contenido"  not-null="true"/>
					</property>
					<property name="PaginasLeidas" type="integer"> 
						<column name="paginasLeidas"  not-null="true"/>
					</property>
			
			
			
			
			
			
		  			
						<many-to-one name="Lectura" class="BookReViewGenNHibernate.EN.BookReview.LibroEN" >	
								<column name="FK_libroIDLibro_idLibro"/> 
						</many-to-one>
											 					
			
		  			
						<many-to-one name="Comentador" class="BookReViewGenNHibernate.EN.BookReview.UsuarioEN" >	
								<column name="FK_usuarioIDUsuario_idComentador"/> 
						</many-to-one>
											 					
			
					
					
					
					
					
					
					
		
		 </class>	
		  
		  <query name="ComentarioENReadAllHQL">from ComentarioEN</query>
		  <query name="ComentarioENreadFilterHQL"><![CDATA[select com FROM ComentarioEN as com where com.PaginasLeidas >= :p_paginas]]></query>
		</hibernate-mapping>
	