<?xml version="1.0" encoding="utf-8" ?>
		<hibernate-mapping xmlns="urn:nhibernate-mapping-2.2"
		                   assembly="BookReViewGenNHibernate"
		                   namespace="BookReViewGenNHibernate.EN.BookReview">
		    
		    
			
				<class name="ListaEN" table="Lista"> 
				  	
						<id name="Id" column="idLista" type="integer"> 
							<generator class="hilo"/>
						</id>
			
					
					<property name="Tipo" > 
						<column name="tipo"  not-null="true"/>
					</property>
			
			
			
		  			
						<bag name="Enlistado" table="[libro_lista]" inverse="true" >
							<key>
								
									<column name="FK_idLista_idLista"/> 
							</key>
      						<many-to-many class="BookReViewGenNHibernate.EN.BookReview.LibroEN">
									<column name="FK_libroIDLibro_idListado"/> 
      						</many-to-many>
    					</bag>
			
			
		  			
						<many-to-one name="DuenyoLista" class="BookReViewGenNHibernate.EN.BookReview.UsuarioEN" >	
								<column name="FK_usuarioIDUsuario_idUsuario"/> 
						</many-to-one>
											 					
					
					
					
					
		
		 </class>	
		  
		  <query name="ListaENReadAllHQL">from ListaEN</query>
		</hibernate-mapping>
	