<?xml version="1.0" encoding="utf-8" ?>
		<hibernate-mapping xmlns="urn:nhibernate-mapping-2.2"
		                   assembly="BookReViewGenNHibernate"
		                   namespace="BookReViewGenNHibernate.EN.BookReview">
		    
		    
			
				<class name="SolicitudEN" table="Solicitud"> 
				  	
						<id name="Id" column="idSolicitud" type="integer"> 
							<generator class="hilo"/>
						</id>
			
					
					<property name="Estado" > 
						<column name="estado"  not-null="true"/>
					</property>
			
			
			
			
		  			
						<many-to-one name="Solicitante" class="BookReViewGenNHibernate.EN.BookReview.UsuarioEN" >	
								<column name="FK_usuarioIDUsuario_idSolicitante"/> 
						</many-to-one>
											 					
			
		  			
						<many-to-one name="Solicitado" class="BookReViewGenNHibernate.EN.BookReview.UsuarioEN" >	
								<column name="FK_usuarioIDUsuario_idSolicitado"/> 
						</many-to-one>
											 					
					
					
					
					
		
		 </class>	
		  
		  <query name="SolicitudENReadAllHQL">from SolicitudEN</query>
		</hibernate-mapping>
	